Title,Company,Link
OpenCraft,"Open Source Developer & DevOps (Python, Django, React, AWS/OpenStack)",https://weworkremotely.com/remote-jobs/opencraft-open-source-developer-devops-python-django-react-aws-openstack
Trustworthy,Senior Software Engineer (Python / Django),https://weworkremotely.com/remote-jobs/trustworthy-senior-software-engineer-python-django
DevOps Engineer (CI/CD),Apple,https://stackoverflow.com/jobs/435706
Senior Python Developer,YouGov,https://stackoverflow.com/jobs/400054
Senior C++ Developer,FileWave Gmbh,https://stackoverflow.com/jobs/280967
Senior Django Developer,FileWave Gmbh,https://stackoverflow.com/jobs/312936
Software Engineering,"JPMorgan Chase Bank, N.A.",https://stackoverflow.com/jobs/476645
Cloud Platform Software Engineer ( Platform / Back-end / Web) : CPD,Rakuten,https://stackoverflow.com/jobs/360634
Full Stack Developer,OpsTalent,https://stackoverflow.com/jobs/463551
Ruby / Elixir Developer,Scripbox,https://stackoverflow.com/jobs/463464
Python Full Stack Developer,"JPMorgan Chase Bank, N.A.",https://stackoverflow.com/jobs/476304
Python Software Engineer - Glasgow - Associate,"JPMorgan Chase Bank, N.A.",https://stackoverflow.com/jobs/476177
Senior Superhero Python Developer to protect the Bank from counterparty risk,Deutsche BankviaJWiderberg Inc. DBA Insight Resource Group,https://stackoverflow.com/jobs/453533
Software Engineer - Fullstack - remote (m/f/d),Yelp,https://stackoverflow.com/jobs/463138
Principal Engineer,Switch Payments,https://stackoverflow.com/jobs/428095
SRE/DevOps Engineer,Switch Payments,https://stackoverflow.com/jobs/428094
Softwareentwickler/in (m/w/d),vyble AG (vyble.io),https://stackoverflow.com/jobs/409520
Java / Python Software Engineering Lead -VP,"JPMorgan Chase Bank, N.A.",https://stackoverflow.com/jobs/475712
Python Developer,YouGov,https://stackoverflow.com/jobs/463034
Python Application Developer- London,"JPMorgan Chase Bank, N.A.",https://stackoverflow.com/jobs/475568
Software Engineering - Java Full Stack Developer,"JPMorgan Chase Bank, N.A.",https://stackoverflow.com/jobs/475521
"Staff Software Engineer (Tech Lead), Telehealth","Chewy, Inc.",https://stackoverflow.com/jobs/475333
"Staff Software Engineer (Tech Lead), Telehealth","Chewy, Inc.",https://stackoverflow.com/jobs/475332
"Staff Software Engineer (Tech Lead), Telehealth","Chewy, Inc.",https://stackoverflow.com/jobs/475331
Backend Python Developer (m/f/x),Alasco,https://stackoverflow.com/jobs/388312
Senior Software Developer Python (m/f/d),Str√∂er Online Marketing,https://stackoverflow.com/jobs/462625
Software Engineering - Python,"JPMorgan Chase Bank, N.A.",https://stackoverflow.com/jobs/474816
HelloMaaS,Full Stack Developer,https://remoteok.io/l/100554
