company,location,link,job
Python Developer Intern,OXO Solutions,"Ruby, SC",https://www.indeed.com/viewjob?jk=84a541c104b5b24c
Mid-Level Python Developer,HEXACT,Remote,https://www.indeed.com/viewjob?jk=b38c72a0024ad418
Python Developer,Softvision - North America,"Atlanta, GA",https://www.indeed.com/viewjob?jk=f1ce58cc25122a56
"Software Engineer, Python - Cryptowatch",kraken,Remote,https://www.indeed.com/viewjob?jk=3d2c1aadb5531ac3
"Analyst, Baseball Research & Development",Cleveland Indians - Baseball Operations,Ohio,https://www.indeed.com/viewjob?jk=83630efa18619adb
Python Developer,Crunch.io,United States,https://www.indeed.com/viewjob?jk=b616c7551b5d0f3c
Python Developer,InfoQuest Consulting Group Inc.,Remote,https://www.indeed.com/viewjob?jk=35e33ea7f331f341
Python Developer,Phrasee,Remote,https://www.indeed.com/viewjob?jk=085a511b377e3ecb
Python Developer,Piper Companies,"Windsor Mill, MD",https://www.indeed.com/viewjob?jk=c549c773f0471be0
Database/Python Developer Intern,Homesite Insurance,"Boston, MA",https://www.indeed.com/viewjob?jk=bfac52f780ab237c
Data Python Developer,London Stock Exchange Group,"New York, NY",https://www.indeed.com/viewjob?jk=31661855134fd73a
Java / Python Developer,"Stage 4 Solutions, inc.",Remote,https://www.indeed.com/viewjob?jk=a3bcd2d6cf72efca
Python/Django Developer,Santex Group,United States,https://www.indeed.com/viewjob?jk=e5a6b63a5fade688
Software Developer (Python),"Yashco Systems, Inc.","Hilliard, OH",https://www.indeed.com/viewjob?jk=8f5037f31fe9b760
Developer - Python Django,Energy Sense Finance,"Tampa, FL",https://www.indeed.com/viewjob?jk=213f60ab30d8eece
Python Developer Trainee,Cndro,"Houston, TX",https://www.indeed.com/viewjob?jk=0cf2026f52be6bc9
Python Engineer,Intralinks,"Waltham, MA",https://www.indeed.com/viewjob?jk=ae2479623871a190
Python Developer,Verata Health,"Orlando, FL",https://www.indeed.com/viewjob?jk=c1a4ff23ed83626c
"Software Engineer, Intern/Co-op",Facebook,Remote,https://www.indeed.com/viewjob?jk=0254e50c280e727f
Python Developer,Callsign Media,"Las Vegas, NV",https://www.indeed.com/viewjob?jk=345e22ca6e583be5
Junior Python Developer,GTS,"New York, NY",https://www.indeed.com/viewjob?jk=f8f068da6dd93fa6
Perl / Python Developer,Intellisys Technology,"Chicago, IL",https://www.indeed.com/viewjob?jk=ac92176c1deaf527
Python Developer,Highbrow Technologies,"Bellevue, WA",https://www.indeed.com/viewjob?jk=70912d7ae92ee088
Backend Python Developer,NCLab,Remote,https://www.indeed.com/viewjob?jk=45d2f0dfebd24aed
PYTHON DEVELOPER,Pythonwise,"Seattle, WA",https://www.indeed.com/viewjob?jk=1a20a1c56fb7df73
Sr Python Engineer,Kinect,"New York, NY",https://www.indeed.com/viewjob?jk=942597ea52ca17eb
Python Engineer,CLARIKA,Remote,https://www.indeed.com/viewjob?jk=0e08e1e323874e40
Data Analyst - Python/SQL,Gainwell Technologies,"Williston, VT",https://www.indeed.com/viewjob?jk=3aae4af40d0f7148
Python developer,VAUXOO,"Colima, GA",https://www.indeed.com/viewjob?jk=f7669fcbd77ecd11
Data Scientist Intern,McGraw Hill,Remote,https://www.indeed.com/viewjob?jk=56dd33374aa887b9
Junior Data Scientist,World Bank Group,"Washington, DC",https://www.indeed.com/viewjob?jk=03f0a49a2928aab4
Senior Level Python Developer,Naka Technologies,"New York, NY",https://www.indeed.com/viewjob?jk=bfa41cad10426505
Python Developer,Cognizant Technology Solutions,"Bridgewater, NJ",https://www.indeed.com/viewjob?jk=9d102d922135d131
python-developer,Primafelicitas,"San Francisco, CA",https://www.indeed.com/viewjob?jk=7363bacb02a91ef9
Python Developers,Kynite,"Fargo, ND",https://www.indeed.com/viewjob?jk=224481bea6e336bf
BASICS Consultant - Python Development,Internews,Remote,https://www.indeed.com/viewjob?jk=edb59cd10b664b7c
Senior Python Developer,Ebury Partners,Remote,https://www.indeed.com/viewjob?jk=249fd45368894066
Software Engineer (Entry-Level),Raptor Maps,"Somerville, MA",https://www.indeed.com/viewjob?jk=4895c5581d575885
Full Stack Developers,PredICT Interactive,"Wichita, KS",https://www.indeed.com/viewjob?jk=c57f7530fab3e7a8
ETL Developer (SAS/Python),IT Data Solutions,Remote,https://www.indeed.com/viewjob?jk=1abc52d8890c72ea
Software Engineer Intern (Python),Vectorworks Inc.,"Columbia, MD",https://www.indeed.com/viewjob?jk=b2e60f03c3f7dd3b
"MACHINE LEARNING ENGINEER - PYTHON, TENSORFLOW",InspiHER Tech,United States,https://www.indeed.com/viewjob?jk=a754b1fae51c41d2
Python Developer,Spire Digital,"Denver, CO",https://www.indeed.com/viewjob?jk=6f1c7fcc5a94a198
Content Creator,LeetCode,Remote,https://www.indeed.com/viewjob?jk=e94af63cb41ad9b5
Big Data Engineer - Python + Spark,"JPMorgan Chase Bank, N.A.","Westerville, OH",https://www.indeed.com/viewjob?jk=a1bc7ff58191398e
Applied Scientist - Geospatial,Descartes Labs,Remote,https://www.indeed.com/viewjob?jk=cfd34ede9121269d
Junior Data Scientist,ORTEC,"Houston, TX",https://www.indeed.com/viewjob?jk=956bc4242ccda148
Data Scientist,Kaplan,Remote,https://www.indeed.com/viewjob?jk=c89d57cbc70ba759
Statistician Internship 2021 (3-6 months),E.&J. Gallo Winery,"Modesto, CA",https://www.indeed.com/viewjob?jk=c6478f06df48db69
Python Software Engineer,Toyota Connected North America,"Plano, TX",https://www.indeed.com/viewjob?jk=bea957b6833b0361
Python Software Engineer,Toyota Connected North America,"Plano, TX",https://www.indeed.com/viewjob?jk=bea957b6833b0361
Rider Care Demand Planner,Specialized Bicycle Components,Remote,https://www.indeed.com/viewjob?jk=2795879aa2fc3653
Python Developer,CMK Resources,"Bethesda, MD",https://www.indeed.com/viewjob?jk=927d18122441c8aa
"Business Operations Analyst Intern, Infrastructure Business Operations Support",Facebook,"Fremont, CA",https://www.indeed.com/viewjob?jk=7a57d277767c1ed0
Manufacturing Equipment Engineer (Keyence),Tesla,"Sparks, NV",https://www.indeed.com/viewjob?jk=e3fec25c271af007
Early career data scientist / analyst / statistical geneticist,Data Tecnica,"Glen Echo, MD",https://www.indeed.com/viewjob?jk=b6506065408f4f15
Python Developer,Haneke Design,"Tampa, FL",https://www.indeed.com/viewjob?jk=542b21736b6bca61
"Python Developer | Richmond, VA (Remote until 2021)",iknowvate technologies,"Richmond, VA",https://www.indeed.com/viewjob?jk=5a9a0ac14d0aaba7
Federal - Entry Level Digital (ServiceNow) Associate,Accenture,"San Antonio, TX",https://www.indeed.com/viewjob?jk=cbbafce29c5f039a
Python-Developers,Celandyne Software Solutions,"Santa Clara, CA",https://www.indeed.com/viewjob?jk=e004e922fdd74fe6
Data Sciences Associate,Eli Lilly,"Cambridge, MA",https://www.indeed.com/viewjob?jk=a77362d75f789875
QA Manual Tester,Agama Solutions,"Dallas, TX",https://www.indeed.com/viewjob?jk=687036ffe9aa0419
QA Automation (Python),Santex Group,United States,https://www.indeed.com/viewjob?jk=120fc243cca78f36
Penetration Testing Trainee (Remote USA),BreachLock,"Florida, NY",https://www.indeed.com/viewjob?jk=487b30db63184515
QA Automation Engineer - Python,Balyasny,"Chicago, IL",https://www.indeed.com/viewjob?jk=5e77fee127f7c32f
Java / Python Tutors,"SAM Consulting Services, Inc.","New York, NY",https://www.indeed.com/viewjob?jk=6dd414e5bf2653aa
Fraud Detection Analyst,"Radial, Inc.",Remote,https://www.indeed.com/viewjob?jk=a2491a915748ab0d
Python Programmer Analyst,Lipscomb University,"Nashville, TN",https://www.indeed.com/viewjob?jk=8103ca3f0a60fc84
Python Developer,Appriss,"Poland, ME",https://www.indeed.com/viewjob?jk=ed28f1a8069e7eb3
"Strategy Associate, YouTube",YouTube,"San Bruno, CA",https://www.indeed.com/viewjob?jk=aaeefcbc91c91eba
Junior Data Engineer- Spark/Scala/Python,Cognizant Technology Solutions,"Plano, TX",https://www.indeed.com/viewjob?jk=ded65bf2541e3a70
Data Scientist,Mystery.org,Remote,https://www.indeed.com/viewjob?jk=0558bb7a3458addd
Python Developer,Sara Technologies,"San Diego, CA",https://www.indeed.com/viewjob?jk=07cc59a85ae4d228
Data Analytics Intern,Pacific Life,"Newport Beach, CA",https://www.indeed.com/viewjob?jk=6bc5210cf140dc1a
Quantitative Research Associate,Cato Institute,Remote,https://www.indeed.com/viewjob?jk=cc7f5416b9009a45
Performance Engineer,Tesla,"Fremont, CA",https://www.indeed.com/viewjob?jk=19f11d993470916f
Full Stack Python Developer/Programmer/Engineer,Cotocus,"Sacramento, CA",https://www.indeed.com/viewjob?jk=b8904053448f0d2c
"Data Scientist, Growth",Pinterest,"San Francisco, CA",https://www.indeed.com/viewjob?jk=5351d55b1c945ece
Developer - Python (Full Stack),Logic20/20,"Seattle, WA",https://www.indeed.com/viewjob?jk=967ebfd6a3c5cc9e
"Entry-Level Data Positions (Data Engineer, Machine Learning & Visualization)",Citi,"Jacksonville, FL",https://www.indeed.com/viewjob?jk=d2e8a5eaac52a039
Biostatistician,Aegon,Remote,https://www.indeed.com/viewjob?jk=82b382393ff186fa
PYTHON SOFTWARE ENGINEER-DEEP LEARNING,InspiHER Tech,United States,https://www.indeed.com/viewjob?jk=3dd6c509667887e7
Python Backend Developer,CAPCO,"Orlando, FL",https://www.indeed.com/viewjob?jk=d083ec309809ded4
"Java, Python Developer",Infosys Limited,"Phoenix, AZ",https://www.indeed.com/viewjob?jk=363b71ae7256df4c
Vitria Data Scientist,Vitria Technology,"Menlo Park, CA",https://www.indeed.com/viewjob?jk=f072010305eb2e42
Senior Python Developer,DataArt,Remote,https://www.indeed.com/viewjob?jk=b2e9581e91d1d5a4
Quantitative Trader - Entry Level,Avatar Securities,"Chicago, IL",https://www.indeed.com/viewjob?jk=d01efa8dad29efdc
Climate Corps AmeriCorps Fellow at The Energy Coalition (SoCalREN) - AmeriCorps - January 18 start at The Energy Coalition,Strategic Energy Innovations,United States,https://www.indeed.com/viewjob?jk=9d5d284c0a458a5e
Big Data and Python Engineer,"JPMorgan Chase Bank, N.A.","Jersey City, NJ",https://www.indeed.com/viewjob?jk=c4ad6702c6a60173
Data Analyst,Dept of Family & Protectve Svc,"Beeville, TX",https://www.indeed.com/viewjob?jk=4e97ba54c8cf3921
"Analyst, Business Operations & Strategy",Yelp,Remote,https://www.indeed.com/viewjob?jk=deb5c8a793dff782
Senior Django/Python Developer,Small Planet,"Brooklyn, NY",https://www.indeed.com/viewjob?jk=ec36299f56189c31
STATISTICIAN,Precision Consulting,"New York, NY",https://www.indeed.com/viewjob?jk=170fc25cffd33e85
"Software Engineer .Net, SQL and Python",Cisco Systems,"Research Triangle Park, NC",https://www.indeed.com/viewjob?jk=9eb752b3c450bdeb
Alteryx Developer,Cognizant Technology Solutions,"Charlotte, NC",https://www.indeed.com/viewjob?jk=06eeda4a4b70cca9
PYTHON DEVELOPER – DJANGO/FLASK,SpanIdea,"Milpitas, CA",https://www.indeed.com/viewjob?jk=fc324a2ebed84b82
Data Scientist,"TMP Worldwide Advertising & Communications, LLC",United States,https://www.indeed.com/viewjob?jk=a1e9873a89987160
Data Analytics Intern,The New York Times,"New York, NY",https://www.indeed.com/viewjob?jk=bbfec3eab5e85a67
"Devops Engineer with Python, Terraform & AWS",Emergere Technologies,"Plano, TX",https://www.indeed.com/viewjob?jk=8f3c4be84c36e8b8
"Associate, Business Operations & Strategy",Yelp,Remote,https://www.indeed.com/viewjob?jk=a4d8ced679f702ba
Dev ops Developer,"JPMorgan Chase Bank, N.A.","Hyderabad, India",https://stackoverflow.com/jobs/470339
Linux Platform Developer,Kambi,"Stockholm, Sweden",https://stackoverflow.com/jobs/448311
Senior Embedded BSP/Linux Kernel Engineer (f/m/d),Leica Geosystems AG,"Heerbrugg, Schweiz",https://stackoverflow.com/jobs/430370
Lead Data Architect - Executive Director (Bournemouth based),"JPMorgan Chase Bank, N.A.","Bournemouth, UK",https://stackoverflow.com/jobs/470400
Application Support Software Engineer - Cyber Technology,"JPMorgan Chase Bank, N.A.","Columbus, OH",https://stackoverflow.com/jobs/470388
Software Engineering - Java Full Stack,"JPMorgan Chase Bank, N.A.","Bengaluru, India",https://stackoverflow.com/jobs/470386
Virtual Desktop - Site Reliability Engineer,"JPMorgan Chase Bank, N.A.","Columbus, OH",https://stackoverflow.com/jobs/470384
Applications Support - Production Management,"JPMorgan Chase Bank, N.A.","Tampa, FL",https://stackoverflow.com/jobs/470380
Senior Software Engineer - Java/KDB,"JPMorgan Chase Bank, N.A.","Glasgow, UK",https://stackoverflow.com/jobs/470379
Data Engineer,"JPMorgan Chase Bank, N.A.","Houston, TX",https://stackoverflow.com/jobs/470372
Junior Software Engineer - Corporate Technology | CCB Risk,"JPMorgan Chase Bank, N.A.","Lewisville, TX",https://stackoverflow.com/jobs/470371
Blockchain Software Developer,"JPMorgan Chase Bank, N.A.","Herzliya, Israel",https://stackoverflow.com/jobs/470365
Software Engineer - Infrastructure Automation / Cyber,"JPMorgan Chase Bank, N.A.","Wilmington, DE",https://stackoverflow.com/jobs/470362
Resiliency Design Engineer - Cybersecurity,"JPMorgan Chase Bank, N.A.","Wilmington, DE",https://stackoverflow.com/jobs/470360
Software Engineer - Machine Learning/Big Data,"JPMorgan Chase Bank, N.A.","Wilmington, DE",https://stackoverflow.com/jobs/470359
Software Engineer - Big Data,"JPMorgan Chase Bank, N.A.","Wilmington, DE",https://stackoverflow.com/jobs/470351
Lead DevOps Software Engineer,"JPMorgan Chase Bank, N.A.","Wilmington, DE",https://stackoverflow.com/jobs/470350
Software Engineering-J2ee Lead- Vice President,"JPMorgan Chase Bank, N.A.","Hyderabad, India",https://stackoverflow.com/jobs/470348
Dev Ops Developer,"JPMorgan Chase Bank, N.A.","Hyderabad, India",https://stackoverflow.com/jobs/470342
Dev Ops Developer,"JPMorgan Chase Bank, N.A.","Hyderabad, India",https://stackoverflow.com/jobs/470340
J2ee Lead-Vice President,"JPMorgan Chase Bank, N.A.","Hyderabad, India",https://stackoverflow.com/jobs/470338
Software Engineering,"JPMorgan Chase Bank, N.A.","Newark, DE",https://stackoverflow.com/jobs/470327
Linux Infrastructure Developer,"JPMorgan Chase Bank, N.A.","Columbus, OH",https://stackoverflow.com/jobs/470325
Software Engineering,"JPMorgan Chase Bank, N.A.","Newark, DE",https://stackoverflow.com/jobs/470324
Software Engineering,"JPMorgan Chase Bank, N.A.","Newark, DE",https://stackoverflow.com/jobs/470323
Frontend Engineer,Tessian,"London, UK",https://stackoverflow.com/jobs/470297
"C++ Developer, Electronic Market Making & Low Latency Trading, Associate","JPMorgan Chase Bank, N.A.",Hong Kong,https://stackoverflow.com/jobs/470322
Infrastructure Engineer,"JPMorgan Chase Bank, N.A.","Chicago, IL",https://stackoverflow.com/jobs/470319
Software Engineering,"JPMorgan Chase Bank, N.A.",Hong Kong,https://stackoverflow.com/jobs/470318
Software Engineering - SRE role with java j2ee development - CUBE,"JPMorgan Chase Bank, N.A.","Bengaluru, India",https://stackoverflow.com/jobs/470315
Performance Engineer,"JPMorgan Chase Bank, N.A.","Chicago, IL",https://stackoverflow.com/jobs/470311
Sr. software Engineer - Public Cloud Platform,"JPMorgan Chase Bank, N.A.","Brooklyn, NY",https://stackoverflow.com/jobs/470304
"Senior Back-end Engineer, Machine Learning",Cloud Academy,"Milan, Italy",https://stackoverflow.com/jobs/392936
Back-End Software Engineer - Labs Technology,Cloud Academy,"Milan, Italy",https://stackoverflow.com/jobs/470302
(Senior) Software Engineer,Hypatos GmbH,"Berlin, Deutschland",https://stackoverflow.com/jobs/401730
Quality Assurance (QA) Lead,Cloud Academy,"Milan, Italy",https://stackoverflow.com/jobs/396573
Full Stack Developer,Mullvad VPN,"Gothenburg, Sweden",https://stackoverflow.com/jobs/448302
Senior Full Stack Developer (m/f/x),Innoactive GmbH,"München, Germany",https://stackoverflow.com/jobs/412788
Senior Python Backend Developer (m/f/x),Innoactive GmbH,"München, Germany",https://stackoverflow.com/jobs/412785
Softwareentwickler (w/m/d) Financial Solutions / Quantitative Methoden,zeb.it,"Münster, Deutschland",https://stackoverflow.com/jobs/173051
Klassifizierer Schwerpunkt Software (m/w/d),Rheinmetall Group,"Bremen, Deutschland",https://stackoverflow.com/jobs/435266
Softwarearchitekt (m/w/d) Schwerpunkt Signalerfassung & Datenauswertung Java/C++,Rheinmetall Group,"Bremen, Deutschland",https://stackoverflow.com/jobs/435264
Senior DevOps Security Engineer,Vouched,"Seattle, WA",https://stackoverflow.com/jobs/435262
"Software Engineer, Site Reliability Engineering (SRE)",SmartNews,"Shibuya City, Japan",https://stackoverflow.com/jobs/448299
Frontend Engineer,Vouched,"Seattle, WA",https://stackoverflow.com/jobs/435259
Fullstack Engineer,Vouched,"Seattle, WA",https://stackoverflow.com/jobs/435257
Embedded Systems Engineer*,enfore AG / NumberFour AG,"Hamburg, Deutschland",https://stackoverflow.com/jobs/435289
Senior Backend Engineer,Tessian,"London, UK",https://stackoverflow.com/jobs/470299
Senior Platform Engineer,Tessian,"London, UK",https://stackoverflow.com/jobs/470298
Backend Engineer,Tessian,"London, UK",https://stackoverflow.com/jobs/470296
